short,full
seriously,biar betul
sriusly,biar betul
siriusly,biar betul
lu,kamu
hg,kamu
kau,kamu
ngko,kamu
ngkau,kamu
ko,kamu
kamo,kamu
kmu,kamu
kqmu,kamu
kemuh,kamu
qmu,kamu
kamyuhhh,kamu
kam,kamu
luhhh,kamu
amu,kamu
amohhh,kamu
luh,kamu
pon,pun
pn,pun
jela,sahaja lah
jelah,sahaja lah
tkde,tiada
tkda,tiada
takda,tiada
takde,tiada
gda,tiada
gada,tiada
takdee,tiada
pegih,pergi
pegi,pergi
g,pergi
go,pergi
leave,pergi
p,pergi
pg,pergi
dulu,dahulu
dlu,dahulu
doeloe,dahulu
confirm,sah
kompom,sah
confirmed,disahkan
basically,secara asasnya
dokter,doktor
hareeii,celaka
hareii,celaka
celako,celaka
hawau,celaka
jibake,celaka
lahabau,celaka
lahanat,celaka
jilake,celaka
pala,kepala
pale,kepala
alak,kepala
caye,percaya
percya,percaya
caya,percaya
prcy,percaya
prcya,percaya
lpsni,lepas ini
lepasni,lepas ini
pasni,lepas ini
tiberr,tiba - tiba
tiber,tiba - tiba
atleast,sekurang - kurangnya
cian,kesian
takpe,tidak mengapa
xpe,tidak mengapa
family,keluarga
kluarga,keluarga
klg,keluarga
klrga,keluarga
kel,keluarga
student,pelajar
keje,kerja
job,kerja
keja,kerja
kejo,kerja
kije,kerja
kijo,kerja
kje,kerja
kjr,kerja
krja,kerja
tadela,tiada lah
jer,sahaja
aja,sahaja
ja,sahaja
je,sahaja
saja,sahaja
ajer,sahaja
saje,sahaja
jee,sahaja
jek,sahaja
jerr,sahaja
jez,sahaja
ajhh,sahaja
apahal,kenapa
knapa,kenapa
napo,kenapa
knpa,kenapa
knp,kenapa
kanapa,kenapa
napa,kenapa
kenape,kenapa
knpp,kenapa
pasaipa,kenapa
nape,kenapa
pungkoq,punggung
sorry,maaf
maap,maaf
mff,maaf
gojess,cantik
gojes,cantik
sempoi,cantik
smpoi,cantik
syantik,cantik
ntik,cantik
cntik,cantik
catiiiiik,cantik
cantiq,cantik
cans,cantik
cantika,cantik
cantiks,cantik
cntk,cantik
ntikk,cantik
cuaantik,cantik
canteek,cantik
canti,cantik
syantiek,cantik
cuantikkk,cantik
cntikk,cantik
cuaaantikk,cantik
canyk,cantik
cuantik,cantik
cantip,cantik
cntiiikkk,cantik
cantix,cantik
cantiqs,cantik
cuantek,cantik
cantk,cantik
dokleh,tak boleh
cant,tak boleh
couldnt,tak boleh
sapo,siapa
sapa,siapa
ciapa,siapa
syp,siapa
cpa,siapa
sypa,siapa
sohor,terkenal
trknal,terkenal
igstory,instagram story
gitu,begitu
gtu,begitu
gituh,begitu
gthu,begitu
bgtu,begitu
gtuu,begitu
bgitu,begitu
gtuh,begitu
bgtuu,begitu
giti,begitu
satgi,sebentar lagi
happy,gembira
lepastu,lepas itu
pastu,lepas itu
yela,ya lah
so,jadi
be,jadi
jd,jadi
jdi,jadi
jadu,jadi
jdii,jadi
ni,ini
nie,ini
nii,ini
inih,ini
iniw,ini
inia,ini
nee,ini
iniehh,ini
wife,isteri
bini,isteri
kasi,kasih
ksh,kasih
ksih,kasih
then,kemudian
dah,dah
da,dah
dahh,dah
dh,dah
dhe,dah
dech,dah
dwh,dah
&,dan
dn,dan
n,dan
tu,itu
that,itu
those,itu
tuh,itu
sie,itu
tuu,itu
thu,itu
tuuu,itu
ituh,itu
ithu,itu
tapi,tetapi
but,tetapi
tp,tetapi
tpi,tetapi
handle,kawal
laki,lelaki
llki,lelaki
tak,tidak
isn t,tidak
ngga,tidak
ngak,tidak
gag,tidak
engga,tidak
gga,tidak
nggak,tidak
ngk,tidak
nggk,tidak
tdk,tidak
engk,tidak
gaa,tidak
nga,tidak
ngg,tidak
ngggk,tidak
tdak,tidak
gakkk,tidak
idok,tidak
xda,tidak ada
xde,tidak ada
gaada,tidak ada
lunch,makan tengahari
dinner,makan malam
breakfast,makan pagi
la,lah
laa,lah
le,lah
ler,lah
lorr,lah
donkk,lah
donk,lah
lha,lah
dunk,lah
lhoo,lah
donx,lah
dumsss,lah
donks,lah
loo,lah
dung,lah
dnk,lah
lhooo,lah
lh,lah
plak,pula
lak,pula
pulak,pula
pla,pula
kekadang,kadang - kadang
tq,terima kasih
ty,terima kasih
makasih,terima kasih
mksh,terima kasih
terimaksih,terima kasih
makasi,terima kasih
maacih,terima kasih
telimakacih,terima kasih
maksih,terima kasih
trims,terima kasih
mksih,terima kasih
mskasih,terima kasih
maseh,terima kasih
january,januari
february,februari
march,mac
may,mei
june,jun
july,julai
august,ogos
october,oktober
oct,oktober
december,disember
dec,disember
monday,isnin
mon,isnin
tuesday,selasa
tues,selasa
wednesday,rabu
wed,rabu
thursday,khamis
thurs,khamis
friday,jumaat
fri,jumaat
saturday,sabtu
sat,sabtu
sunday,ahad
sun,ahad
gemen,kerajaan
gomen,kerajaan
goment,kerajaan
camtu,macam itu
mcmtu,macam itu
experience,pengalaman
pengalam,pengalaman
kpd,kepada
to,kepada
kpada,kepada
kepad,kepada
kepd,kepada
kepda,kepada
bengng,bengang
mntak,minta
mintak,minta
mntk,minta
mnta,minta
mnt,minta
mintk,minta
bagasi,bagasi
bargasi,bagasi
luggage,bagasi
kg,kampung
kilo,kilogram
grm,gram
k,okay
kk,okay
abgkat,abang dekat
abis,habis
abes,habis
abeees,habis
hbis,habis
abiz,habis
abizzz,habis
hbs,habis
abez,habis
abisss,habis
abiiiss,habis
abiss,habis
abs,habis
ade,ada
de,ada
have,ada
add,ada
adoi,aduh
adoii,aduh
wado,aduh
hadeuh,aduh
wadaaw,aduh
adeuh,aduh
wdooohhh,aduh
haddeh,aduh
hadeehh,aduh
hadeuuh,aduh
hedeuuhh,aduh
hadeeehhh,aduh
haduh,aduh
hadeuuhhhh,aduh
hadeeuh,aduh
haduuuh,aduh
adui,aduh
aerodarat,kapal darat
agkt,angkat
angkt,angkat
ahh,ah
arghhh,ah
ailior,air liur
airasia,air asia x
airline,penerbangan
airlines,penerbangan
airport,lapangan terbang
airpot,lapangan terbang
aje,saja
aza,saja
sja,saja
ajha,saja
ajaaa,saja
ajh,saja
ajaa,saja
ajah,saja
ajja,saja
ajaaahhhhh,saja
ajjh,saja
ajj,saja
aee,saja
ajelah,sahajalah
ak,aku
aq,aku
akau,aku
aqu,aku
alu,aku
eyke,aku
akuh,aku
all,semua
everything,semua
smua,semua
smuaaa,semua
ambik,ambil
amek,ambil
amik,ambil
amer,amir
ana,saya
i,saya
sya,saya
guw,saya
uwee,saya
gw,saya
sayaa,saya
anual,tahunan
thnan,tahunan
apapun,apa pun
ape,apa
wat,apa
epe,apa
apah,apa
apo,apa
arab,arab
area,kawasan
aritu,hari itu
haritu,hari itu
ask,tanya
tnya,tanya
astro,astro
at,pada
pd,pada
pda,pada
attitude,sikap
babi,khinzir
back,belakang
blkng,belakang
blkang,belakang
bag,beg
bang,abang
bro,abang
abg,abang
bangla,bangladesh
banyk,banyak
bnyak,banyak
much,banyak
bnyk,banyak
byk,banyak
byak,banyak
buanyaaak,banyak
bard,pujangga
bawak,bawa
bwk,bawa
bawanges,bawang
behave,berkelakuan baik
belagak,berlagak
poyo,berlagak
berdisiplin,berdisplin
berenti,berhenti
beskal,basikal
bike,basikal
bsikal,basikal
gerek,basikal
bff,kawan baik selamanya
bg,bagi
bgi,bagi
biase,biasa
biasahhh,biasa
big,besar
bile,bila
bla,bila
kpan,bila
kpn,bila
kapn,bila
binawe,binatang
bkn,bukan
bukn,bukan
bkan,bukan
blom,belum
blm,belum
blim,belum
belom,belum
blum,belum
body,tubuh
tbuh,tubuh
bole,boleh
leh,boleh
bleh,boleh
bsa,boleh
bol3h,boleh
blh,boleh
biza,boleh
boss,bos
bowling,boling
bpe,berapa
brp,berapa
brpa,berapa
brapa,berapa
brand,jenama
brg,bareng
briefing,taklimat
brng,barang
bru,baru
bruntung,beruntung
berntung,beruntung
btnggjwb,bertanggungjawab
tanggungjawab,bertanggungjawab
btul,betul
betui,betul
buatlh,buatlah
buh,letak
buka,buka
bka,buka
bukak,buka
by,dengan
dgn,dengan
ngan,dengan
ngn,dengan
with,dengan
dngan,dengan
dng,dengan
byr,bayar
bz,sibuk
camera,kamera
camni,macam ini
cmni,macam ini
camnie,macam ini
cane,macam mana
guarno,macam mana
cmne,macam mana
camnoi,macam mana
camne,macam mana
camna,macam mana
mcmn,macam mana
carakerja,cara kerja
care,jaga
cargo,kargo
cctv,kamera litar tertutup
cer,cerita
cite,cerita
citer,cerita
cheap,murah
check,semak
ciput,sedikit
sdkit,sedikit
sdkt,sedikit
ckit,sikit
cikit,sikit
sket,sikit
ckp,cukup
ckup,cukup
class,kelas
klas,kelas
cm,macam
mcm,macam
kyk,macam
cem,macam
macem,macam
cmpak,campak
committed,komited
company,syarikat
sykt,syarikat
complain,aduan
corn,jagung
cr,cari
cri,cari
crew,krew
cube,cuba
cuma,cuma
cma,cuma
curinyaa,curinya
cust,pelanggan
customer,pelanggan
d,di
kat,di
kt,di
dhi,di
damaged,rosak
rosak,rosak
rosok,rosak
tosak,rosak
dapek,dapat
dpt,dapat
dapet,dapat
day,hari
hr,hari
hiri,hari
hri,hari
dazrin,dazrin
dbalingnya,dibalingnya
deep,dalam
dlm,dalam
dlam,dalam
deliberately,sengaja
sngaja,sengaja
depa,mereka
diorang,mereka
diorng,mereka
dorg,mereka
hampa,mereka
hmpa,mereka
mrekaaaa,mereka
merka,mereka
mrk,mereka
mreka,mereka
mrka,mereka
merekak,mereka
mrekaa,mereka
dessa,desa
didunia,di dunia
direct,secara terus
diving,junam
dkt,dekat
deket,dekat
dekt,dekat
dlempar,dilempar
dlt,padam
done,siap
dont,jangan
jgn,jangan
jan,jangan
jgan,jangan
jngan,jangan
jngn,jangan
jngnn,jangan
jng,jangan
jnagn,jangan
dpermudhkn,dipermudahkan
dri,dari
drii,dari
dsb,dan sebagainya
dy,dia
him,dia
his,dia
dya,dia
dieee,dia
educate,mendidik
ensure,memastikan
ewahh,wah
waaa,wah
expect,sangka
fb,facebook
fired,pecat
first,pertama
pertma,pertama
fkr,fikir
pikir,fikir
pk,fikir
thinking,fikir
flight,kapal terbang
for,untuk
utk,untuk
tuk,untuk
untk,untuk
free,percuma
pwrcuma,percuma
prcuma,percuma
friend,kawan
fyi,untuk pengetahuan anda
gantila,gantilah
gantirugi,ganti rugi
gentlemen,lelaki budiman
gerenti,jaminan
gile,gila
gilzz,gila
gilakkkkkk,gila
gilak,gila
gokil,gila
gokill,gila
gokiiill,gila
gilsss,gila
gils,gila
gokillllll,gila
gokilll,gila
gilakkkkk,gila
geeelaakk,gila
gewlaaaaa,gila
gk,juga
jg,juga
jgk,juga
jugak,juga
gak,juga
ugaaa,juga
jga,juga
gakk,juga
uga,juga
ughaa,juga
gkk,juga
ugha,juga
gnti,ganti
good,baik
baek,baik
ground,tanah
hampeh,teruk
hanat,jahanam
handling,kawalan
hanta,hantar
hntr,hantar
ntr,hantar
harini,hari ini
hate,benci
henpon,telefon
tpon,telefon
tlp,telefon
tlvn,telefon
heran,hairan
hotak,botak
hrga,harga
rege,harga
reger,harga
hargs,harga
hrp,harap
hu,sedih
syediiihhh,sedih
syediih,sedih
humble,merendah diri
ibon,ikon
ichi,inci
idung,hidung
if,jika
ig,instagram
iklas,ikhlas
improve,menambah baik
isyaallah,insyallah
japan,jepun
jepun,jepun
jgnla,janganlah
jjur,jujur
jobscope,skop kerja
jogja,jogjakarta
jpam,jpam
jth,jatuh
jatoh,jatuh
ka,ke
kalo,kalau
kalu,kalau
klai,kalau
klau,kalau
klo,kalau
klu,kalau
kklau,kalau
klw,kalau
klow,kalau
kalok,kalau
kakau,kalau
kalw,kalau
kll,kalau
klok,kalau
kang,nanti
nati,nanti
nnti,nanti
nantik,nanti
nti,nanti
nnt,nanti
kantoi,terbongkar rahsia
kbye,ok bye
kearah,ke arah
kecik,kecil
kcil,kecil
keksongan,kekosongan
kemana,ke mana
kene,kena
kne,kena
kenekan,kenakan
kesah,kisah
ketempat,ke tempat
kiss,cium
tium,cium
kite,kita
kito,kita
kta,kita
qta,kita
ktaa,kita
ktg,kita
kiya,kita
kmi,kami
kitorang,kami
tlg,tolong
please,tolong
pls,tolong
tlog,tolong
kl,kuala lumpur
klia,klia
kn,kan
khan,kan
korang,kamu semua
korg,kamu semua
korea,korea
kot,mungkin
kut,mungkin
mngkin,mungkin
mgkn,mungkin
mgkin,mungkin
mungki,mungkin
ksalahan,kesalahan
kslhn,kesalahan
kslahan,kesalahan
kuar,keluar
quit,keluar
kluar,keluar
kluo,keluar
lainda,lain dah
last,akhir
leader,ketua
less,kurang
kurng,kurang
krng,kurang
letter,surat
lg,lagi
lgi,lagi
lagihh,lagi
lggi,lagi
lngsong,langsung
lgsg,langsung
lgsung,langsung
lngsung,langsung
lsg,langsung
lgs,langsung
lol,haha
low,rendah
lps,lepas
lumbe,lumba
lyak,layak
maapkan,maafkan
mahai,mahal
mampos,mampus
mmpos,mampus
mart,kedai
mau,mahu
mao,mahu
maw,mahu
memerlukn,memerlukan
mengembirakan,menggembirakan
mengmbilnyer,mengambilnya
mengtasi,mengatasi
mg,memang
mmg,memang
emg,memang
emank,memang
mang,memang
emng,memang
mmang,memang
emang,memang
mihak,memihak
min,admin
mimin,admin
mingu,minggu
mjtuhkn,menjatuhkan
mkyong,mak yong
mlibatkn,melibatkan
mmnjang,memanjang
mn,mana
mna,mana
manoi,mana
mnyusun,menyusun
mood,suasana
most,paling
palinf,paling
pling,paling
mr,tuan
msa,masa
time,masa
maso,masa
msia,malaysia
mst,mesti
mu,awak
ur,awak
you,awak
your,awak
elu,awak
awk,awak
muko,muka
muke,muka
komuk,muka
mum,emak
emk,emak
ema,emak
nah,nah
nanny,nenek
nk,nak
nmpk,nampak
nye,nya
nha,nya
nyah,nya
nyo,nya
ofis,pejabat
perjabatt,pejabat
ohh,oh
owh,oh
oii,hoi
one,satu
atu,satu
stu,satu
atuu,satu
online,dalam talian
or,atau
ato,atau
atw,atau
org,orang
orng,orang
orabg,orang
otek,otak
paid,dah bayar
palabana,kepala otak
passengers,penumpang
passengger,penumpang
pekerje,pekerja
pekrja,pekerja
perkerja,pekerja
pkerja,pekerja
perabih,perabis
phuii,puih
pilot,juruterbang
pkerjaan,pekerjaan
kerjaan,pekerjaan
krjaan,pekerjaan
pki,pakai
pke,pakai
pake,pakai
pakek,pakai
pkai,pakai
pakke,pakai
pkk,pakai
pkee,pakai
pkek,pakai
pnh,pernah
prnah,pernah
prnh,pernah
perna,pernah
pnt,penat
pnya,punya
puye,punya
pny,punya
pnyaa,punya
priority,keutamaan
properties,harta benda
ptugas,petugas
pub,kelab malam
pyahnya,payahnya
quality,kualiti
ramly,ramly
report,laporan
resigned,meletakkan jawatan
respect,hormat
rizal,rizal
rse,rasa
sacked,buang
sado,bertubuh sasa
salute,sanjung
sam,sama
same,sama
sma,sama
ama,sama
samp,sampah
sbb,sebab
sebb,sebab
sbgai,sebagai
sbg,sebagai
sbagai,sebagai
sblm,sebelum
sblum,sebelum
sbum,sebelum
sbelum,sebelum
sbnarnya,sebenarnya
sbnrny,sebenarnya
sebenernya,sebenarnya
sbbrnya,sebenarnya
sbenernya,sebenarnya
sdg,sedang
sebijik,sebiji
see,sih
sii,sih
seehh,sih
sey,sih
sichh,sih
seeh,sih
seh,sih
sehh,sih
sich,sih
sichhhhhhhhhh,sih
seen,dilihat
diliat,dilihat
selangor,selangor
selfie,swafoto
senaraihitam,senarai hitam
seorg,seorang
sorang,seorang
service,perkhidmatan
sgt,sangat
very,sangat
bgt,sangat
bngt,sangat
bingitsss,sangat
bgttt,sangat
bangat,sangat
bingiit,sangat
bat,sangat
bet,sangat
bnget,sangat
bgtt,sangat
bgtttt,sangat
sanggat,sangat
banger,sangat
bngtt,sangat
nged,sangat
binggo,sangat
bngettt,sangat
bingit,sangat
bngett,sangat
banged,sangat
bgd,sangat
baget,sangat
bagaatt,sangat
banhet,sangat
bgttttttt,sangat
bngtzt,sangat
bingits,sangat
begete,sangat
bingittzz,sangat
bangets,sangat
buanget,sangat
bget,sangat
nget,sangat
ngets,sangat
bgect,sangat
sangt,sangat
beut,sangat
bngttt,sangat
bgettt,sangat
bangt,sangat
aned,sangat
sngt,sangat
bingiittt,sangat
babget,sangat
beudd,sangat
ngettt,sangat
beud,sangat
bets,sangat
bngatt,sangat
bangrt,sangat
bhet,sangat
bettt,sangat
bngeet,sangat
nanget,sangat
aneut,sangat
bgtttttttt,sangat
battt,sangat
bingiiittzz,sangat
bngtttt,sangat
bngy,sangat
ngetsz,sangat
bingitt,sangat
bangedd,sangat
bingitss,sangat
bangedt,sangat
anedh,sangat
bingitzzzz,sangat
aneed,sangat
babeng,sangat
shared,kongsi
shirt,kemeja
shut,tutup
sib,nasib
skali,sekali
skli,sekali
syekaliii,sekali
skalii,sekali
smoga,semoga
smga,semoga
smg,semoga
samoga,semoga
smog,semoga
smgaa,semoga
dempga,semoga
smogaaa,semoga
sndiri,sendiri
sndr,sendiri
sndri,sendiri
sdri,sendiri
sendirir,sendiri
sendri,sendiri
s3ndiri,sendiri
sne,sana
sna,sana
sop,tatacara pengendalian piawai
spoting,pembintikan
sronok,seronok
ssh,susah
staff,staf
standing,berdiri
brdiri,berdiri
start,mula
steady,mantap
mantep,mantap
muantteepp,mantap
ntaf,mantap
ntappp,mantap
muantaap,mantap
mantaff,mantap
mantepp,mantap
manteep,mantap
ntapsss,mantap
ntap,mantap
manteb,mantap
stiap,setiap
stp,setiap
stress,stres
steess,stres
study,belajar
blajar,belajar
bljr,belajar
studycase,kajian kes
sure,pasti
pst,pasti
psti,pasti
paati,pasti
taik,tahi
taek,tahi
taekk,tahi
tokayyy,tahi
tai,tahi
tayik,tahi
takan,tak akan
takat,setakat
takkan,tidak akan
gkkan,tidak akan
taknak,tidak mahu
gamau,tidak mahu
gmau,tidak mahu
tknk,tidak mahu
tang,tentang
ttg,tentang
tntg,tentang
tentanh,tentang
taraa,sementara
swmntara,sementara
smentara,sementara
tau,tahu
tw,tahu
tbabit,terbabit
team,pasukan
terbaekk,terbaik
trbaik,terbaik
terbaeq,terbaik
trbaikk,terbaik
teruknye,teruknya
tgk,tengok
tngok,tengok
tk,tak
x,tak
tnggongjwb,tanggungjawab
tngu,tunggu
tnggu,tunggu
transfer,pindah
pndah,pindah
trgelak,tergelak
ts,tan sri
tstony,tan sri tony
tula,itulah
umeno,umno
unfortunately,malangnya
unhappy,tidak gembira
up,naik
naek,naik
upkan,naikkan
viral,tular
vote,undi
warning,amaran
warranty,waranti
wassap,whatsapp
weii,wei
well,maklumlah
win,menang
wt,buat
bwt,buat
ye,ya
yee,ya
yah,ya
yha,ya
yakk,ya
yahhh,ya
yahh,ya
yak,ya
yach,ya
yaah,ya
kuy,ya
yahbh,ya
yachhh,ya
yuppss,ya
yup,ya
yeeee,ya
yoo,ya
yeuh,ya
yappp,ya
yep,ya
yam,ya
yahhhh,ya
yooow,ya
yap,ya
ysh,ya
yaahh,ya
yapp,ya
yg,yang
yng,yang
yanckh,yang
sakai,selekeh
rm,ringgit
:*,<kiss>
:-*,<kiss>
:x,<kiss>
:-),<happy>
:-)),<happy>
:-))),<happy>
:-)))),<happy>
:-))))),<happy>
:-)))))),<happy>
:),<happy>
:)),<happy>
:))),<happy>
:)))),<happy>
:))))),<happy>
:)))))),<happy>
:))))))),<happy>
:o),<happy>
:],<happy>
:3,<happy>
:c),<happy>
:>,<happy>
=],<happy>
8),<happy>
=),<happy>
:},<happy>
:^),<happy>
|;-),<happy>
:'-),<happy>
:'),<happy>
\o/,<happy>
*\0/*,<happy>
:-D,<laugh>
:D,<laugh>
8-D,<laugh>
8D,<laugh>
x-D,<laugh>
xD,<laugh>
X-D,<laugh>
XD,<laugh>
=-D,<laugh>
=D,<laugh>
=-3,<laugh>
=3,<laugh>
B^D,<laugh>
>:[,<sad>
:-(,<sad>
:-((,<sad>
:-(((,<sad>
:-((((,<sad>
:-(((((,<sad>
:-((((((,<sad>
:-(((((((,<sad>
:(,<sad>
:((,<sad>
:(((,<sad>
:((((,<sad>
:(((((,<sad>
:((((((,<sad>
:(((((((,<sad>
:((((((((,<sad>
:-c,<sad>
:c,<sad>
:-<,<sad>
:<,<sad>
:-[,<sad>
:[,<sad>
:{,<sad>
:-||,<sad>
:@,<sad>
:'-(,<sad>
:'(,<sad>
D:<,<sad>
D:,<sad>
D8,<sad>
D;,<sad>
D=,<sad>
DX,<sad>
v.v,<sad>
D-':,<sad>
(>_<),<sad>
:|,<sad>
>:O,<surprise>
:-O,<surprise>
:-o,<surprise>
:O,<surprise>
째o째,<surprise>
o_O,<surprise>
o_0,<surprise>
o.O,<surprise>
o-o,<surprise>
8-0,<surprise>
|-O,<surprise>
;-),<wink>
;),<wink>
*-),<wink>
*),<wink>
;-],<wink>
;],<wink>
;D,<wink>
;^),<wink>
":-,",<wink>
>:P,<tong>
:-P,<tong>
:P,<tong>
X-P,<tong>
x-p,<tong>
xp,<tong>
XP,<tong>
:-p,<tong>
:p,<tong>
=p,<tong>
:-횧,<tong>
:횧,<tong>
:-b,<tong>
:b,<tong>
:-&,<tong>
>:\,<annoyed>
>:/,<annoyed>
:-/,<annoyed>
:-.,<annoyed>
:/,<annoyed>
:\,<annoyed>
=/,<annoyed>
=\,<annoyed>
:L,<annoyed>
=L,<annoyed>
:S,<annoyed>
>.<,<annoyed>
:-|,<annoyed>
<:-|,<annoyed>
:-X,<seallips>
:X,<seallips>
:-#,<seallips>
:#,<seallips>
O:-),<angel>
0:-3,<angel>
0:3,<angel>
0:-),<angel>
0:),<angel>
0;^),<angel>
>:),<devil>
>:D,<devil>
>:-D,<devil>
>;),<devil>
>:-),<devil>
}:-),<devil>
}:),<devil>
3:-),<devil>
3:),<devil>
o/\o,<highfive>
^5,<highfive>
>_>^,<highfive>
^<_<,<highfive>
<3,<heart>
met,selamat
slmt,selamat
slamt,selamat
slamat,selamat
slamet,selamat
selmt,selamat
slmat,selamat
selmat,selamat
slmttt,selamat
netaas,menetas
keberpa,keberapa
kaka,kakak
mbakx,kakak
kka,kakak
kkak,kakak
kakakgh,kakak
qaqaaaa,kakak
slalu,selalu
chelalyyu,selalu
sll,selalu
sllu,selalu
s'lalu,selalu
slaluuuuu,selalu
selaloe,selalu
trus,terus
trs,terus
teruzzz,terus
terossss,terus
teru,terus
trussss,terus
teyuss,terus
teruz,terus
trusss,terus
nyenengin,menyenangkan
menyenangkn,menyenangkan
gemess,gemas
gemay,gemas
gemesss,gemas
emesshhh,gemas
gemeessss,gemas
gemes,gemas
emeezzz,gemas
emeshh,gemas
gemez,gemas
gemezz,gemas
gemezzzz,gemas
gemesshzzzzhzzhzhzhsjssjs,gemas
udah,sudah
udh,sudah
sdh,sudah
sudh,sudah
udahh,sudah
uda,sudah
sud,sudah
udehh,sudah
suda,sudah
sudab,sudah
sdah,sudah
udeh,sudah
gemesiin,menggemaskan
gemesin,menggemaskan
ngegemesin,menggemaskan
ngegmesin,menggemaskan
gemesinnnnn,menggemaskan
saranin,menyarankan
nyaranin,menyarankan
nemuin,menemukan
skarang,sekarang
skrg,sekarang
skrang,sekarang
skrng,sekarang
ckrng,sekarang
sekarng,sekarang
sekrng,sekarang
skg,sekarang
sekrang,sekarang
sekaeang,sekarang
sktlrang,sekarang
skrnh,sekarang
sempet,sempat
smpt,sempat
karna,kerana
krn,kerana
krna,kerana
krena,kerana
kareno,kerana
sampe,sampai
smpe,sampai
nyampe,sampai
sampek,sampai
ampe,sampai
sampw,sampai
smp,sampai
smpai,sampai
ngikutin,mengikuti
ikutin,mengikuti
mngikuti,mengikuti
gayany,gayanya
gayannxa,gayanya
gayax,gayanya
bnk,bang
bng,bang
banx,bang
pengen,ingin
pingin,ingin
pngenn,ingin
peengn,ingin
pgen,ingin
pngen,ingin
pgin,ingin
kepingin,ingin
pengan,ingin
pinginnn,ingin
pengn,ingin
ingi,ingin
pengenn,ingin
pengennnn,ingin
lgu,lagu
kharismanya,karismanya
kek,kayak
keq,kayak
kyak,kayak
kekk,kayak
kayax,kayak
kyax,kayak
keak,kayak
kayaq,kayak
lgunya,lagunya
lagu'y,lagunya
nyamain,menyamakan
lakik,laki
lekong,laki
nyangka,menyangka
nyangkaa,menyangka
inget,ingat
inggat,ingat
ingt,ingat
ingeet,ingat
dmn,dimana
dmana,dimana
dmna,dimana
bird,biru
gimna,bagaimana
gmn,bagaimana
bagaimna,bagaimana
gmana,bagaimana
bgmn,bagaimana
gimana,bagaimana
gmna,bagaimana
bgmana,bagaimana
bgmna,bagaimana
gimanaaaa,bagaimana
himana,bagaimana
gimanaa,bagaimana
gimn,bagaimana
nyebur,mencebur
dbuat,dibuat
bangcat,bangsat
bangshad,bangsat
tmpt,tempat
tempt,tempat
berarto,bererti
brrt,bererti
brrti,bererti
berati,bererti
brarti,bererti
amiend,amien
ameen,amin
amen,amin
ngomong,bercakap
ngmng,bercakap
ngemeng,bercakap
ngomng,bercakap
ngomomg,bercakap
ngmg,bercakap
ngumung,bercakap
ngom,bercakap
mamer,memamerkan
keles,kali
kli,kali
kale,kali
kalik,kali
kelus,kali
kaleee,kali
jelase,jelas
jelashh,jelas
liat,lihat
lht,lihat
liad,lihat
liyat,lihat
liht,lihat
lhat,lihat
lyt,lihat
liatiii,lihat
liaat,lihat
liatt,lihat
ntar,entar
entr,entar
gini,begini
gni,begini
bgini,begini
ginii,begini
bgni,begini
giniii,begini
gnii,begini
geneeee,begini
salfok,salah fokus
njir,anjing
njerr,anjing
njirr,anjing
njiirr,anjing
jing,anjing
wanjerrr,anjing
njirrr,anjing
anyeng,anjing
ahahahanjirrr,anjing
wanjiir,anjing
njrittt,anjing
anjjjjjjjj,anjing
anj,anjing
jirr,anjing
jirrrr,anjing
anjir,anjing
astgfrullah,astagfirullah
astgfrlh,astagfirullah
astagfirullh,astagfirullah
astafirullah,astagfirullah
astauviruloh,astagfirullah
bhs,bahasa
stagahhhh,astaga
wuastagah,astaga
iooo,lo
eloo,lo
elo,lo
loe,lo
mslh,masalah
maslah,masalah
msalah,masalah
pasal,masalah
mengherthii,mengerti
ngerti,mengerti
mngerti,mengerti
menegerti,mengerti
ngertiin,mengerti
ngrti,mengerti
therchakitty,tersakiti
bkin,bikin
bijin,bikin
sweger,segar
seger,segar
segerr,segar
kebukaaa,terbuka
keliatan,kelihatan
kliatan,kelihatan
klihatan,kelihatan
cntiknya,cantiknya
cantinya,cantiknya
cantikx,cantiknya
ngeliatnya,melihatnya
ngelihatnya,melihatnya
masi,masih
masio,masih
msh,masih
msih,masih
hdk,hendak
hndak,hendak
hndk,hendak
mksud,maksud
mksd,maksud
mkst,maksud
maksd,maksud
tetep,tetap
ttep,tetap
ttp,tetap
ttap,tetap
tetp,tetap
bejilbbnya,berjilbabnya
jerewi,jerawat
ilang,hilang
hilangv,hilang
jilbabnyaah,jilbabnya
jilbabnye,jilbabnya
jilbabny,jilbabnya
mantes,memantas
ucullllll,lucu
ucul,lucu
lucuk,lucu
lutu,lucu
lcu,lucu
lucukkkkk,lucu
ucull,lucu
luco,lucu
luchu,lucu
lucuukk,lucu
males,malas
mlz,malas
mbil,sambil
smbil,sambil
yank,sayang
syg,sayang
ynk,sayang
say,sayang
sayy,sayang
yayang,sayang
ayank,sayang
yankkk,sayang
syang,sayang
syng,sayang
synk,sayang
ngakak,mengakak
ngakaaaakkk,mengakak
ngkkkkkk,mengakak
ngakakkk,mengakak
suru,suruh
ketawakkkk,ketawa
ktawa,ketawa
ktwa,ketawa
kyanya,kayanya
kayanye,kayanya
kaya'a,kayanya
nakutin,menakutkan
megang,memegang
pegangin,memegang
kawinin,mengawini
liatin,perlihatkan
bdan,badan
bdn,badan
fotoin,memfoto
ngaku,mengaku
pcarny,pacarnya
pcrnya,pacarnya
kri,kiri
cmn,cuman
cumn,cuman
cman,cuman
namax,namanya
nama.a,namanya
namnya,namanya
namany,namanya
nmnya,namanya
bungkusin,bungkuskan
ngegantiin,menggantikan
gantiin,menggantikan
ganti'kn,menggantikan
alloh,allah
awoohhh,allah
aloh,allah
trsa,terasa
trasa,terasa
khadirannya,kehadirannya
fikiran,pikiran
hayalanku,khayalanku
nton,menonton
nntn,menonton
nonton,menonton
nnton,menonton
ntn,menonton
ngapain,mengapai
kgn,kangen
kngen,kangen
kgeeeen,kangen
kngenn,kangen
kngn,kangen
ninggalin,meninggalkan
terangkhn,terangkan
slama,selama
bngunlah,bangunlah
bngun,bangun
bgun,bangun
alm,almarhum
benet,benar
bnerr,benar
bner,benar
bener,benar
bnr,benar
benerr,benar
benneeeeeerr,benar
acra,acara
kasian,kasihan
kasiannn,kasihan
kasihn,kasihan
kasiian,kasihan
kacian,kasihan
kaciiaann,kasihan
kaasian,kasihan
temenn,teman
tmen,teman
temen,teman
tmn,teman
tman,teman
mnjadi,menjadi
mnjdi,menjadi
mendj,menjadi
menjdi,menjadi
shbt,sahabat
shabat,sahabat
sbhabat,sahabat
shbat,sahabat
ktny,katanya
ktnya,katanya
ktanya,katanya
dimusiumin,dimuseumkan
bntu,bantu
bantuim,bantu
kangem,rindu
jln,jalan
tenny,tenang
tnang,tenang
kmrn,kemarin
kmarin,kemarin
kmrin,kemarin
kemaren,kemarin
kmaren,kemarin
kmren,kemarin
kemarn,kemarin
wkt,waktu
eakyu,waktu
wktu,waktu
mnrtkuu,menurutku
jdwl,jadwal
dtnggu,ditunggu
dtunggu,ditunggu
dtggu,ditunggu
kunjungin,kunjungi
diluangin,diluangkan
nangis,menangis
nangiiiiis,menangis
nangiiis,menangis
nangiss,menangis
nagiss,menangis
nangiis,menangis
nangisss,menangis
nanges,menangis
"ngaku""",mengaku-ngaku
kejawab,terjawab
mohom,mohon
kebalas,terbalas
nyempetin,menyempatkan
wktunya,waktunya
ngobrol,mengobrol
namain,namai
nama'in,namai
bls,balas
bales,balas
ijap,ijab
kobul,kabul
brdua,berdua
ber2,berdua
bedua,berdua
hdup,hidup
hdp,hidup
idup,hidup
kedpan,kedepan
mndaptkan,mendapatkan
dapetin,mendapatkan
mendapatkn,mendapatkan
iyah,iya
iyak,iya
iyha,iya
iaa,iya
iyap,iya
iyaappps,iya
iyh,iya
tuch,tuh
yuh,tuh
cpt,cepat
cepet,cepat
cpet,cepat
mrit,merit
merrid,merit
ngapasih,mengapa sih
segitunya,sebegitunya
sgtu'y,sebegitunya
fto,foto
fhoto,foto
sisain,menyisakan
pantes,pantas
lairannya,kelahirannya
jmnya,jamnya
nyari,mencari
ndak,indak
nda,indak
dak,indak
yaampuuuunnnn,ya ampun
nyanyiin,menyanyikan
brani,berani
ngajak,mengajak
ajakin,mengajak
sperti,seperti
spt,seperti
sprt,seperti
sprti,seperti
spti,seperti
srpti,seperti
jrang,jarang
jrnk,jarang
msuk,masuk
msk,masuk
nyaru,menyaru
mantabs,mantab
ntab,mantab
mlu,melulu
beneran,benaran
bnern,benaran
beneraan,benaran
bnran,benaran
bneraan,benaran
benetaran,benaran
bneran,benaran
bnrn,benaran
milikin,memiliki
kirain,mengira
mngira,mengira
liptsk,lipstik
nyeplak,menjiplak
mengncang,mengencang
ank,anak
skitar,sekitar
ktmu,ketemu
ktemu,ketemu
ats,atas
taz,atas
heii,hai
hay,hai
heeee,hai
diputusin,diputuskan
mnjual,menjual
ngadain,mengadakan
adain,mengadakan
rekomendasiin,rekomendasikan
rekomendain,rekomendasikan
mrip,mirip
mirp,mirip
mama.nyy,mamanya
mamax,mamanya
bosenin,membosankan
kaa,kak
kaj,kak
kakanya,kakaknya
kakanga,kakaknya
kakakny,kakaknya
malh,malah
mlah,malah
fhotonya,fotonya
fotony,fotonya
tnggl,tanggal
tanteny,tantenya
sklinyaa,sekalinya
yuwkkk,yuk
kuyy,yuk
nyok,yuk
yok,yuk
yuu,yuk
yuuu,yuk
yokk,yuk
yuks,yuk
yukss,yuk
yooookkk,yuk
kuyyy,yuk
ayukk,yuk
yook,yuk
yoookkkk,yuk
mai,datang
dateng,datang
dteng,datang
dtg,datang
kmauan,kemauan
bayangin,bayangkan
yaudh,ya sudah
gakuat,tidak kuat
gakwad,tidak kuat
ksitu,kesitu
tutorialx,tutorialnya
dpke,dipakai
dipake,dipakai
rekomndd,rekomendasi
recommendasi,rekomendasi
blg,bilang
blng,bilang
bilangin,bilang
bilanh,bilang
bilng,bilang
trserah,terserah
trsrh,terserah
trserh,terserah
cwo,cowok
cowo,cowok
cwok,cowok
wlwpun,walaupun
wlaupun,walaupun
wlawpun,walaupun
trpsah,terpisah
prsatukn,persatukan
slh,salah
slah,salah
skedar,sekadar
nyesel,menyesal
nyesell,menyesal
besarin,membesarkan
tanyang,tayang
ngelarang,melarang
baperr,bawa perasaan
baper,bawa perasaan
bape,bawa perasaan
bapeerr,bawa perasaan
sbr,sabar
sabal,sabar
sabaro,sabar
pemainy,pemainnya
ngeliat,melihat
ngelihat,melihat
akn,akan
kbawa,terbawa
kebawa,terbawa
bradegan,beradegan
nikahin,menikahi
nyambung,menyambung
nyambungin,menyambung
adengan,adegan
sitayngin,ditayangkan
ditayangin,ditayangkan
cocokny,cocoknya
cocokx,cocoknya
setju,setuju
stju,setuju
stuju,setuju
pcrn,pacaran
pacara,pacaran
pacarn,pacaran
pcaran,pacaran
pcran,pacaran
klian,kalian
klen,kalian
xlian,kalian
kln,kalian
kellen,kalian
mksdny,maksudnya
mksdnya,maksudnya
malsudnya,maksudnya
mksdx,maksudnya
kesampean,kesampaian
beliin,belikan
beliiin,belikan
kya,kaya
kayahhh,kaya
kyy,kaya
ngerasa,merasa
sygkuu,sayangku
sayangkuh,sayangku
ngeselin,mengesalkan
baju'a,bajunya
baju.a,bajunya
pokok'a,pokoknya
pkoknya,pokoknya
pokonya,pokoknya
pkoknyaa,pokoknya
rasain,merasai
ngerasain,merasai
ngrasain,merasai
sexxi,seksi
sexi,seksi
bulet,bulat
ngocok,mengocok
nyoba,mencoba
cobain,mencoba
mncoba,mencoba
nyobain,mencoba
kencqng,kencang
kancang,kencang
kenceng,kencang
kencng,kencang
kra,kira
diginikan,dibeginikan
diginiin,dibeginikan
gambarin,gambarkan
digambarin,digambarkan
bangke,bangkai
kog,kok
kox,kok
koq,kok
liatnya,lihatnya
liatnyaaa,lihatnya
liat'y,lihatnya
liyatnya,lihatnya
negri,negeri
ngri,negeri
mbk,mbak
mbg,mbak
mba,mbak
krudungan,kerudungan
maksutku,maksudku
mksdku,maksudku
jd'y,jadinya
thun,tahun
thn,tahun
taun,tahun
taon,tahun
ngaco,mengaco
ngomen,mengomentari
ngomentarin,mengomentari
komentarin,mengomentari
ngomenin,mengomentari
tenggah,tengah
tengaj,tengah
tngh,tengah
ksukaanmuuu,kesukaanmu
nontonx,menontonnya
nontonya,menontonnya
nontonny,menontonnya
dpn,depan
cyiiin,cinta
cyin,cinta
ngantri,mengantri
bli,beli
nraktir,mentraktir
sbnyak,sebanyak
sbbyak,sebanyak
sebnyak,sebanyak
nunggu,menunggu
nungguin,menunggu
peen,pengin
ceritax,ceritanya
banggain,banggakan
bnggain,banggakan
sendeng,senang
seneng,senang
senenggg,senang
sneng,senang
simpen,simpan
bagiin,membagikan
nanggepin,menanggapi
nganggepin,menanggapi
kirimin,mengirimi
senengin,senangi
ngasih,mengasih
mngasi,mengasih
ngasi,mengasih
bln,bulan
blln,bulan
jendess,janda
jendes,janda
jendesss,janda
jnda,janda
geh,gih
gehh,gih
22nya,dua-duanya
waww,wow
wewww,wow
waw,wow
wawwwww,wow
waaaww,wow
waaawwww,wow
wouww,wow
bgs,bagus
bgus,bagus
bgussss,bagus
dstu,disitu
jln2,jalan-jalan
romntis,romantis
romantiz,romantis
ulan,ulang
diksi,dikasih
ngeluarin,mengeluarkan
subahanallah,subhanallah
subhanalloh,subhanallah
subhnallah,subhanallah
padet,padat
buktiin,membuktikan
ngebuktiin,membuktikan
nyebelin,menyebalkan
diliatnya,dilihatnya
gpp,tiada apa-apa
gapap,tiada apa-apa
gakpapa,tiada apa-apa
gemesnya,gemasnya
ngilangin,menghilangkan
menghilangkn,menghilangkan
hilangin,menghilangkan
itungan,hitungan
ledekin,ledeki
dptkan,dapatkan
ninggiin,meninggikan
balesin,membalas
ngebales,membalas
gausah,tak perlu
lutuna,lucunya
lutunaa,lucunya
lucunaaa,lucunya
lucunyah,lucunya
luthuna,lucunya
lutunaaa,lucunya
lucux,lucunya
imoet,imut
jagain,menjaga
sktika,seketika
ksni,kesini
ksini,kesini
begok,bego
pgi,pagi
ngekeh,kekeh
pait,pahit
ngelawak,melawak
nyolotinnnn,menyolot
nyolot,menyolot
smnagatin,menyemangati
kmbang,kembang
blakon,berlakon
sbelah,sebelah
sblah,sebelah
sblh,sebelah
ciusss,serius
ciyusss,serius
fav,favorit
ngekek,mengekek
nyender,menyandar
manjain,memanjakan
peleotin,meleot
nyatakan,menyatakan
nyindir,menyindir
nyindirin,menyindir
onoh,sono
ono,sono
anakny,anaknya
anknya,anaknya
ankx,anaknya
anakx,anaknya
anak'y,anaknya
ankknyaaa,anaknya
diemin,diamkan
diamkn,diamkan
hancurin,menghancurkan
ngehancurin,menghancurkan
diapain,diapakan
haragain,menghargai
nyakitin,menyakiti
sbaiknya,sebaiknya
mnding,mending
nyinyirin,nyinyir
pdhl,padahal
pdhal,padahal
pdahal,padahal
padahl,padahal
padhl,padahal
pdhall,padahal
nyerang,menyerang
hrs,harus
haru,harus
hrus,harus
trima,terima
kbetulan,kebetulan
orgtuanya,orang tuanya
ortunya,orang tuanya
orrunya,orang tuanya
ortuny,orang tuanya
ngamatin,mengamati
ngintip,mengintip
stelah,setelah
stlh,setelah
ngintilin,mengintil
smnjak,semenjak
trbukti,terbukti
kebukti,terbukti
nyambet,menyambat
krmh,ke rumah
rmh,rumah
rumh,rumah
bo'ong,bohong
boong,bohong
kbiasaan,kebiasaan
hdpnya,hidupnya
idupnya,hidupnya
hidupx,hidupnya
lbh,lebih
lbih,lebih
lebh,lebih
tdr,tidur
tdur,tidur
sbuah,sebuah
tdnya,tadinya
ank2nya,anak-anaknya
milih,memilih
branjak,beranjak
ank2,anak-anak
"ank""",anak-anak
masyarakay,masyarakat
nasehatin,menasihati
menasehati,menasihati
ngaca,mengaca
ngacaaa,mengaca
nari,menari
ngcpin,mengucapkan
ngucapin,mengucapkan
ucapin,mengucapkan
kdg,kadang
kdng,kadang
kdang,kadang
kebagi,terbagi
nerusin,meneruskan
indo,indonesia
indonesiaah,indonesia
indoneaia,indonesia
univ,universitas
maen,main
jakety,jaketnya
pucing,pusing
maho,manusia homo
gantng,tampan
gans,tampan
nganteng,tampan
ganteung,tampan
gantheng,tampan
guanteng,tampan
ginting,tampan
tamvann,tampan
gantweng,tampan
busedh,buset
gokilnya,gilanya
pluk,peluk
ortu,orang tua
oprasi,operasi
gya,gaya
kndung,kandung
ksenangan,kesenangan
ddpt,didapat
ddpat,didapat
didapet,didapat
jwab,jawab
jwb,jawab
mmbodohkan,membodohkan
orlaen,orang lain
drpd,daripada
dripada,daripada
darpada,daripada
dripda,daripada
drpada,daripada
malem,malam
aplikasiin,mengaplikasikan
berangat,berangkat
praktekin,mempraktikkan
omdo,omong doang
kate,kata
prjuangan,perjuangan
kmewahan,kemewahan
stimpal,setimpal
mnilai,menilai
mkanya,makanya
mknya,makanya
mk.a,makanya
makany,makanya
bhagia,bahagia
bhgia,bahagia
bhagaia,bahagia
sasama,sesama
seklian,sekalian
ngurusan,mengurusi
ngurusin,mengurusi
mengirusi,mengurusi
ngrusin,mengurusi
campurin,mencampuri
emnknya,memangnya
emngnya,memangnya
emangnya,memangnya
mrangkul,merangkul
adlh,adalah
adl,adalah
wlo,walau
wlau,walau
manusiy,manusia
samara,sakinah mawadah rahman
teringt,teringat
keinget,teringat
trmsuk,termasuk
trmasuk,termasuk
pilihnmu,pilihanmu
suaminy,suaminya
suami'y,suaminya
suaminga,suaminya
jadulnya,jaman dulunya
ngata2in,mengatai-ngatai
kpleset,tergelincir
kepeleset,tergelincir
yawlah,ya allah
yawloh,ya allah
yaolohh,ya allah
perbaikin,memperbaiki
mmperbaiki,memperbaiki
permasalhkan,permasalahkan
jauhin,jauhi
ddlm,di dalam
kmbali,kembali
ngembali,kembali
kmbl,kembali
dkuburnya,dikuburnya
critamu,ceritamu
bres,beres
cmkn,camkan
diurusin,diurusi
biarin,biarkan
mengperbolehkan,memperbolehkan
lma,lama
dibangga'in,dibangga-banggakan
ngebolehin,membolehkan
denger,dengar
dgr,dengar
"jelek""in",menjelek-jelekkan
ngejelek2in,menjelek-jelekkan
gausa,tidak perlu
gabisa,tidak perlu
gakusah,tidak perlu
toksah,tidak perlu
maksain,memaksakan
mnerima,menerima
nerima,menerima
baikxa,baiknya
nolongin,menolong
seluru,seluruh
tebir,ribet
doangam,doang
doank,doang
"tebir""",ribet-ribet
amad,amat
rempong,repot
repong,repot
ikh,ih
iyuh,ih
iyuuuhhhh,ih
iyuuhhh,ih
nengok,menengok
bante,bantai
komenannya,komentarnya
komentnya,komentarnya
hadapin,menghadapi
mrnghadapi,menghadapi
adapin,menghadapi
dengarin,mendengarkan
dngerin,mendengarkan
dengerin,mendengarkan
ush,usah
usa,usah
widihh,idih
syratnya,syaratnya
pnjang,panjang
pjg,panjang
pnjng,panjang
shat,sihat
dehat,sihat
sihat,sihat
inginkn,inginkan
burem,buram
tmbh,tambah
tmbah,tambah
tambh,tambah
mansyoallah,masyaallah
lkuin,lakukan
langgenh,langgeng
lggeng,langgeng
org2,orang-orang
pdng,padang
keedaannya,keadaannya
spertinya,sepertinya
mrah,marah
marh,marah
gra2,gara-gara
grgr,gara-gara
gr2,gara-gara
jlek,jelek
jelex,jelek
udah2,sudah-sudah
gatau,tidak tahu
gtw,tidak tahu
gataunya,tidak tahu
gtau,tidak tahu
matany,matanya
mata'y,matanya
mtanya,matanya
perubut,perebut
sumai,suami
urusin,urus
mmbela,membela
ngebela,membela
bellain,membela
ngebelain,membela
belain,membela
mslhnya,masalahnya
hnya,hanya
hny,hanya
dluar,diluar
tongolin,menongol
cabol,cabul
nyet,monyet
muna,munafik
tot,entot
hidiyah,hidayah
tdi,tadi
td,tadi
bhwa,bahwa
bhw,bahwa
skaligus,sekaligus
smakin,semakin
smkin,semakin
kyknya,kayaknya
kyk.a,kayaknya
keknya,kayaknya
bbrp,beberapa
bbrpa,beberapa
bebrp,beberapa
tunjukan,tunjukkan
tunjukin,tunjukkan
ngasih2,mengasih-ngasih
berfikir,berpikir
ngajuin,mengajukan
jkt,jakarta
jkrta,jakarta
diakibtkn,diakibatkan
suk,suka
sukakkk,suka
ska,suka
sukak,suka
sukam,suka
suko,suka
syukaaakkk,suka
dsrny,dasarnya
ncek,encek
kdg2,kadang-kadang
sebelumbya,sebelumnya
sblmnya,sebelumnya
sblmny,sebelumnya
koment,komentar
komenan,komentar
coment,komentar
comntr,komentar
komntr,komentar
nyampein,menyampaikan
naksir,menaksir
maksir,menaksir
nafkahin,menafkahi
ngitem,menghitam
cwek,cewek
cewe,cewek
cwe,cewek
sinet,sinetron
sintron,sinetron
s*inetr*n,sinetron
jendral,jenderal
nanya,bertanya
maenya,mainnya
pilm,film
flm,film
cini,sini
nambah,menambah
nmbah,menambah
mnambh,menambah
motret,memotret
nyeniii,menyeni
deuhh,duh
b2an,berduaan
dihargain,dihargai
nganbek,mengambek
ngambek,mengambek
enk,enak
wenakk,enak
wenak,enak
mendam,memendam
manta,mantan
mntn,mantan
knl,kenal
anugrah,anugerah
slm,salam
slam,salam
apun,apapun
nyangkutnya,menyangkutnya
dijelekin,dijelekkan
azeeeek,asik
azekkkk,asik
uaaasssiiiik,asik
mayan,lumayan
mayann,lumayan
mnisss,manis
tambahim,tambahkan
tambahin,tambahkan
make,memakai
ngepake',memakai
krpoooo,kepo
kepoin,kepo
kepoh,kepo
nyusul,menyusul
ngiri,mengiri
ngiriii,mengiri
ngriii,mengiri
nentuin,menentukan
mnjmput,menjemput
mblooo,jomblo
mblo,jomblo
jombsss,jomblo
berexpresi,berekspresi
jdulnya,judulnya
aurot,aurat
laginy,laginya
alkhamdulilah,alhamdulillah
alhamd,alhamdulillah
ngeh,engah
nggeh,engah
ngeuh,engah
ngmngnya,mengomongnya
ngomongnya,mengomongnya
ngiritya,mengiritnya
kususnya,khususnya
krm,kirim
tuwanya,tuanya
tuany,tuanya
comen2nya,komen-komennya
nyebut2,menyebut-nyebut
plg,pulang
hellooooooo,hello
helo,hello
helloo,hello
helooooo,hello
halow,hello
ngrebut,merebut
ngerebut,merebut
lupain,melupakan
bangkret,bangkrut
nyimak,menyimak
komenx,komennya
"ngumpet""",mengumpet-ngumpet
mnjijikaaaaaan,menjijikkan
gnyngka,tak sangka
ngomentnya,mengomentarinya
nusuk,menusuk
mnusuk,menusuk
dpotong,dipotong
ngmgin,mengomongkan
ngomongin,mengomongkan
ngmngin,mengomongkan
gkhianati,mengkhianati
pljaran,pelajaran
pljrn,pelajaran
spy,supaya
klkuan,kelakuan
kelaluan,kelakuan
klakuan,kelakuan
hgga,hingga
hngga,hingga
sholihah,salihah
salehah,salihah
halahh,alah
yaelahhh,alah
elaaaahhhh,alah
aelah,alah
ginian,beginian
artix,artinya
serem,seram
keluarin,keluarkan
gajelas,tak jelas
pedes,pedas
omongin,omongkan
ngalirrrrr,mengalir
ngalir,mengalir
ngehujat,menghujat
seindonesiyah,seindonesia
senyumin,senyumi
ngrusak,merosak
mrusak,merosak
ngerussak,merosak
skrngnya,sekarangnya
scra,secara
scr,secara
nggali,menggali
cmpur,campur
woey,woy
bloghhh,bodoh
bodhooo,bodoh
bodhoo,bodoh
waknat,bodoh
bodo,bodoh
ngehina,menghina
mnghina,menghina
kebanggan,kebanggaan
mnjawab,menjawab
makny,maknya
lhirr,lahir
lhir,lahir
palgi,apa lagi
apalg,apa lagi
apalai,apa lagi
penbelian,pembelian
expresi,ekspresi
eksprsi,ekspresi
natap,menatap
ccok,sesuai
coxok,sesuai
cuchook,sesuai
cuco,sesuai
difotoin,difoto
psangan,pasangan
psgn,pasangan
pasangn,pasangan
buatin,membuat
statusx,statusnya
sunggu,sungguh
kemn,kemana
kmn,kemana
kmana,kemana
suipit,sipit
cpit,sipit
kedengeran,kedengaran
promil,program hamil
lancr,lancar
keputihn,keputihan
kebayang,terbayang
yaoloh,yaallah
ngerayain,merayakan
sotoy,sok tau
d.bikinin,dibikin
mmz,mas
mamas,mas
bikinin,membikin
keliatannya,kelihatannya
kliatanya,kelihatannya
krenn,keren
kren,keren
kreeenn,keren
kreean,keren
kebykan,kebanyakan
kebnyak'an,kebanyakan
tingal,tinggal
tinggl,tinggal
pernikahn,pernikahan
ngtain,mengatai
ngatain,mengatai
ngatai,mengatai
bagusnyeee,bagusnya
hmpir,hampir
mbuh,embuh
bsk,besok
bsok,besok
berbiiiiiihhh,barbie
nyatok,mencatok
nyampenya,sampainya
goncengin,boncengkan
dianterin,dihantar
dianter,dihantar
gebleg,geblek
bosen,bosan
pishangg,bosan
pishang,bosan
anterin,antarkan
ngantar,menghantar
nganterin,menghantarkan
disupirin,ditemani
jidad,jidat
novembr,november
bedain,membezakan
ngebedain,membezakan
kana,kanan
knan,kanan
gmpg,gampang
apal,hapal
kembaq,kembar
prmpuan,perempuan
prempuan,perempuan
ketuker,tertukar
drimnanya,darimananya
cntikan,cantikan
bcnda,bercanda
bazengg,bajingan
hrsnya,harusnya
hrusnya,harusnya
silahkan,silakan
silahkn,silakan
lwt,lewat
dibkatakan,dikatakan
pengikuy,pengikut
adkah,adakah
menbelah,membelah
ayuk,ayo
bertolernsi,bertoleransi
slahkan,salahkan
salahin,salahkan
slhkan,salahkan
tolernsi,toleransi
oalaaaa,walah
owalaah,walah
menjelekan,menjelekkan
jelekin,menjelekkan
ngejelek,menjelekkan
dikemanain,dikemanakan
bpknya,bapaknya
baca2,baca-baca
gndakan,gandakan
mti,mati
mateeeek,mati
mateeeeeeeeeeee,mati
"kebaikan""y",kebaikannya
dssi,disisi
dasyat,dahsyat
aer,air
dtinggl,ditinggal
cepetan,cepatan
smangat,semangat
senangat,semangat
semngat,semangat
smngat,semangat
sdkit2,sedikit-sedikit
penyakitny,penyakitnya
ngajarin,mengajari
laenny,lainnya
scpatny,secepatnya
sampein,sampaikan
bca,baca
netes,menetes
mataq,mataku
byangin,membayangkan
trjadi,terjadi
trjd,terjadi
dposisi,diposisi
dijwb,dijawab
ngajar,mengajar
fto2,foto-foto
laen,lain
kejadianny,kejadiannya
msg2,masing-masing
pgnnya,teringinnya
meluk,memeluk
mupeng,muka ingin
gagahx,gagahnya
niru,meniru
bpkmu,bapakmu
gasih,tidak lah
gksi,tidak lah
ngademin,mengademkan
weeeh,wih
suksea,sukses
suces,sukses
sucses,sukses
sukse,sukses
temenan,berteman
bhnya,bahannya
dsni,disini
disni,disini
dsini,disini
kokohh,engkoh
pnjual,penjual
latian,latihan
soga,moga
muga,moga
moqa,moga
tteh,teteh
tth,teteh
ancurrr,hancur
ancur,hancur
dblkang,dibelakang
dblkng,dibelakang
aplks,aplikasi
ngepoin,mengepoi
njayyy,anjay
njay,anjay
gituin,begitukan
cba,coba
cobak,coba
giniin,beginikan
kubarikan,kuberikan
ngelahirin,melahirkan
melahirin,melahirkan
paksain,memaksa
hub,hubungan
hubngan,hubungan
nerawang,menerawang
pede,percaya diri
pnting,penting
agma,agama
ngetik,mengetik
ntah,entah
sewain,menyewa
bnr2,benar-benar
bner2,benar-benar
ujg,ujung
rmbut,rambut
rmbt,rambut
rmbuut,rambut
kki,kaki
gapernah,tak pernah
gemesyak,gemas ya
ngareppppp,mengharap
ngarep,mengharap
toketnya,teteknya
lenje,lenjeh
mbaknyaahh,mbaknya
mbanya,mbaknya
pyudara,payudara
ditutupin,ditutupi
hati.a,hatinya
mlt.a,mulutnya
mulutny,mulutnya
nyerocooooos,mencerocos
nyerocos,mencerocos
sklh,sekolah
skolah,sekolah
srng,sering
ngilang,menghilang
dikatain,dikatai
ngalahin,mengalahkan
mengalahkn,mengalahkan
brisi,berisi
nutupin,menutupi
tutupin,menutupi
ori,orisinal
dbwh,dibawah
murhan,murahan
prwtn,perawatan
prwatn,perawatan
prawatan,perawatan
wjh,wajah
ktergantungan,ketergantungan
hslnya,hasilnya
haslnya,hasilnya
setabil,stabil
digituin,dibegitukan
sekolahin,sekolahkan
ajarin,ajarkan
naka,nakal
mndpt,mendapat
mndpat,mendapat
nantangin,menantang
ngegampar,menggampar
ngelaporin,melaporkan
konsekwensi,konsekuensi
muliany,mulianya
tsb,tersebut
bacahalah,bacalah
dikerasin,dikerasi
ngulangin,mengulangi
ngadu,mengadu
ketauan,ketahuan
dimarahin,dimarahi
nyelesain,menyelesaikan
troma,trauma
kerasin,kerasi
cewer,jewer
jwban,jawaban
nuduh,menuduh
ngatur,mengatur
bantuanny,bantuannya
pukulin,pukuli
menurur,menurut
liatlah,lihatlah
tkut,takut
atutt,takut
grunya,gurunya
liat2,lihat-lihat
masukin,memasuki
dilindungin,dilindungi
tinggalin,tinggalkan
tinggalkn,tinggalkan
kaitannha,kaitannya
pinter,pintar
pintr,pintar
rana,ranah
thdp,terhadap
bhkn,bahkan
justeru,justru
brkunjun,berkunjung
ambilin,mengambil
redho,ridho
rezki,rezeki
jadilh,jadilah
pesen,pesan
mkin,makin
dimao,dimau
dijadiin,dijadikan
kasiatnya,khasiatnya
prodak,produk
prodac,produk
minpi,mimpi
ngimpi,mimpi
mutihin,memutihkan
smster,semester
"ngomong""",ngomong-ngomong
syngnya,sayangnya
sayangx,sayangnya
dipermainin,dipermainkan
mukax,mukanya
mukae,mukanya
fatanik,fanatik
protestin,protestan
sling,saling
agama'ny,agamanya
lurusin,meluruskan
ultha,ultah
peragain,peragakan
shayyy,say
shay,say
shaaaay,say
shayy,say
shaay,say
nawarin,menawari
autuhh,tau tuh
ketara,tertara
bund,bunda
bnda,bunda
almh,almarhumah
kucing'y,kucingnya
panggilan'ya,panggilannya
panggilan'y,panggilannya
ssorg,seseorang
hdpn,hadapan
ktaatan,ketaatan
istiqomahhh,istikamah
istiqamah,istikamah
istiqomah,istikamah
prodaknya,produknya
jilbb,jilbab
jlbb,jilbab
ndut,gendut
ngecek,mengecek
penasarn,penasaran
pensaran,penasaran
diajarin,diajari
gawl,gaul
gawul,gaul
kecr,kece
keche,kece
gingsungny,gingsulnya
cariin,carikan
knlan,kenalan
nyusahhin,menyusahkan
nyusahin,menyusahkan
byaran,bayaran
sedangkn,sedangkan
sdgkn,sedangkan
tnpa,tanpa
tnp,tanpa
dibanggain,dibanggakan
dibnggain,dibanggakan
"bangga""in",membangga-banggakan
krya,karya
kraya,karya
drimana,darimana
drmn,darimana
gksalah,tidak salah
gasalah,tidak salah
nuntut,menuntut
ngebiarin,membiarkan
bhas,bahas
jadiin,jadikan
diem,diam
diemm,diam
nyampah,menyampah
bukan'a,bukannya
comnet,komen
comen,komen
tpii,tapi
tap8,tapi
tapo,tapi
tpy,tapi
cali,caci
penghrgaan,penghargaan
stidaknya,setidaknya
frestasiii,prestasi
sibukx,sibuknya
adenya,adeknya
adekx,adeknya
dedeknya,adeknya
dsana,disana
dsna,disana
nampak,menampak
kenalin,memperkenalkan
janka,jangka
oplas,operasi plastik
nambahh,bertambah
paripurnahh,paripurna
wanitah,wanita
gegra,gegara
brita,berita
fotbar,foto bareng
nampar,menampar
tukan,tukang
mancungin,memancungkan
kusem,kusam
kmar,kamar
ketawain,mentertawakan
ngejatuhin,manjatuhkan
ngelakuin,melakukan
lakuin,melakukan
melakukn,melakukan
gedeg,gedek
eey,eh
perhatiam,perhatian
prhatian,perhatian
dibiarin,dibiarkan
mkir,memikir
bkal,bakal
nyadar,menyadar
pipi'y,pipinya
pipine,pipinya
mnjdkan,menjadikan
soalx,soalnya
soal'y,soalnya
btuh,butuh
santab,santap
mikirin,memikirkan
konsul,konsultasi
knsul,konsultasi
poko,pokok
trun,turun
warnany,warnanya
msknya,masaknya
ciptain,menciptakan
ksyngn,kesayangan
ngingetin,mengingatkan
ingetin,mengingatkan
narik,menarik
termiribkan,termiripkan
brubah,berubah
pelastik,plastik
kompek,plastik
pahamin,memahami
jogetin,berjoget
boker,berak
minta,meminta
sgla,segala
uitnya,duitnya
tanyain,tanyakan
banyakin,membanyaki
gituan,begituan
melebihin,melebihi
kalogak,kalau tidak
ndukung,mendukung
ngedukung,mendukung
skluarga,sekeluarga
berhijap,berhijab
bhijab,berhijab
brhjb,berhijab
sembuhin,menyembuhkan
pengrusak,perosak
ngoceh,mengoceh
hpus,hapus
apus,hapus
pjang,pajang
bdampingan,berdampingan
kaga,kagak
kgak,kagak
uih,uh
"happi""",hepi-hepi
trlalu,terlalu
trll,terlalu
kepelesett,terpeleset
bolang,bocah petualang
saltummmm,salah kostum
mboizzz,bois
dirumahny,dirumahnya
siapayahh,siapa ya
kostom,kostum
glembeeeer,gelambir
cubanget,lucu sangat
unyuuk,unyu
dedek,adik
dede,adik
dik,adik
seterong,setrong
dimasukin,dimasuki
jahatin,menjahati
nulis,menulis
nyebutin,menyebutkan
rasaiin,rasai
nyalahin,menyalahkan
bedainnya,membezakannya
krus,kurus
cogan,lelaki tampan
pandanginya,memandanginya
kenaliiin,kenalkan
segtu,sebegitu
sgtu,sebegitu
ngebenci,membenci
padhe,pakde
maafin,memaafi
woles,selow
hianatin,khianati
halangin,halangi
gaje,tidak jelas
gabakal,tidak jadi
ngehakimi,menghakimi
ngejuangin,memperjuangkan
dipojokin,dipojokkan
bacotin,bacoti
kebangetak,kebangetan
tangkep,tangkap
pndang,pandang
pmbelajaran,pembelajaran
nahan,menahan
kafeh,kafe
dirmh,dirumah
ktika,ketika
ityl,itil
ngarang,mengarang
kelas'a,kelasnya
"gtu""an",begitu-gituan
gmanapun,bagaimanapun
taux,taunya
ketarik,tertarik
ngorbanin,mengorbankan
gitulah,begitulah
bandingin,bandingkan
badingkan,membandingkan
ngurus,mengurus
lanjutin,lanjutkan
janjutin,lanjutkan
ributin,meributkan
brantem,berantem
lipetan,lipatan
walik,balik
blik,balik
niyyyyhhhh,nih
nich,nih
neh,nih
ladenin,meladeni
skit,sakit
ledkin,meledeki
digabtikan,digantikan
ilang-in,hilangkan
prinadi,pribadi
berjinah,berzina
urusn,urusan
ursan,urusan
saudra,saudara
trganggu,terganggu
lepasin,melepas
dwsa,dewasa
ngaji,mengaji
nmr,nomor
murmer,murah meriah
nyupir,menyopir
kwatir,kawatir
duetin,duet
silsturahmi,silaturahmi
dijkt,dijakarta
filmny,filmnya
flim.a,filmnya
nobar,menonton bareng
gaprgi,tidak pergi
kepikir,terpikir
pacaranya,pacarannya
pacarane,pacarannya
pcaranya,pacarannya
ngalah,mengalah
tuwek,tua
ultahe,ultahnya
bermaksut,bermaksud
tampialannya,tampilannya
ngumbar,mengumbar
dhpusin,dihapuskan
mnutup,menutup
hapusin,hapuskan
mutusin,memutuskan
mutuain,memutuskan
ngapus,menghapus
awl,awal
bngkit,bangkit
ngirim,mengirim
ngidam,mengidam
sampis,sampah habis
maapin,maafi
ngebala,bala
udahlah,sudahlah
kreative,kreatif
inggrisny,inggrisnya
catokin,catok
comment2nya,komentar-komentarnya
brhasil,berhasil
dptnya,dapatnya
testinya,testimoninya
khdpn,kehidupan
khidupan,kehidupan
ngelawan,melawan
bisax,bisanya
klmbutan,kelembutan
diingetin,diingatkan
akhlah,akhlak
elo2,lo-lo
mandiin,memandikan
nguburin,menguburkan
urusanny,urusannya
tuhanny,tuhannya
brtngkar,bertengkar
pndapat,pendapat
sharusnya,seharusnya
seharusny,seharusnya
mngkannya,mangkanya
nyia2in,menyia-nyiakan
kpuasan,kepuasan
sgampang,segampang
mlepaskan,melepaskan
testi,testimoni
d.apa,diapa
apain,apai
dsar,dasar
dsr,dasar
ngebantu,membantu
btulan,betulan
kha,kah
wik,wig
week,wig
botakin,botaki
modes,modis
kcantikan,kecantikan
bronis,brondong manis
gapunya,bukan punya
bkln,bakalan
kecantikanga,kecantikannya
zama,zaman
indefendet,independen
ngayal,mengkhayal
smvk,sempak
knyataan,kenyataan
klhran,kelahiran
kelahuran,kelahiran
klahiran,kelahiran
pertamany,pertamanya
prtamax,pertamanya
mmbanggakan,membanggakan
brbakti,berbakti
berbakiti,berbakti
basodaraa,bersaudara
perhatiin,perhatikan
pelwak,pelawak
garemin,garami
gapake,tidak pakai
ngiringan,mengiringi
karir.a,karirnya
recomendasinya,rekomendasinya
batesin,batasi
ngeidealin,mengidealkan
bhn,bahan
brsma,bersama
brsama,bersama
kartunin,kartun
kyaknya,nampaknya
pans,fan
ngefans,fan
ngfans,fan
fans,fan
kuliyh,kuliah
orgny,orangnya
aslinyo,aslinya
kalahnye,kalahnya
smrg,semarang
insonniaaa,insomnia
greged,greget
meranin,memerankan
rekomendasiiin,merekomendasikan
ngeditnya,mengeditnya
kekgini,kayak begini
tlsn,tulisan
trrharu,terharu
dcintai,dicintai
romantisny,romatisnya
pcar,pacar
ngelucu,melucu
mato,mata
cino,cina
meker,mikir
benarin,membenarkan
miara,memiara
jalanani,menjalani
jalanin,menjalani
rumpiin,rumpi
jawabanny,jawabannya
melihara,memelihara
uztad,ustad
koclak,kocak
koplak,kocak
bju,baju
idungnya,hidungnya
trnyata,ternyata
rapih,rapi
kecptan,kecepatan
rmbutnya,rambutnya
penganten,pengantin
wrn,warna
loksyut,lokasi syuting
amfun,ampun
infpyunnnn,ampun
ampyunnnn,ampun
dibls,dibalas
ceklist,ceklis
trkrim,terkirim
cucok,cucuk
senyumna,senyumnya
hotx,hotnya
cwnya,ceweknya
sttus,status
sstu,sesuatu
emakx,emaknya
ungkapin,ungkapkan
naggung,menanggung
suaraynyaa,suaranya
nyubit,mencubit
nyubitt,mencubit
ppa,papa
nginjek,menginjak
didatengin,didatangi
ayoklaa,ayolah
srruu,seru
jmpaaaa,jumpa
mesrany,mesranya
ponakn,ponakan
bujngn,bujangan
ngp,mengapa
padetan,padatan
hayal,khayal
trusan.a,terusannya
tdung,tudung
gangguin,mengganggu
lgkah2,langkah-langkah
taw,
sjk,sejak
kueren2,keren-keren
abgnya,abangnya
abgnyaah,abangnya
warkop,warung kopi
hayuu,hayo
mansetan,bermanset
telefisi,televisi
nikmatin,menikmati
dee,dek
sumvahh,sumpah
sumpeh,sumpah
capa,sapa
dinyanyiin,dinyanyikan
nyengir,menyengir
temennya,temannya
klk,kelak
brjdh,berjodoh
brjodoh,berjodoh
akhrt,akhirat
akhirt,akhirat
kpnpun,bila pun
debay,adik bayi
lafazd,lafaz
pmbyran,pembayaran
plsa,pulsa
ngambekan,ambekan
kemakan,termakan
ngambeknya,mengambeknya
kebongkar,terbongkar
diladenin,diladeni
ngtif,negatif
dihpus,dihapus
"brg""",bareng-bareng
utkmu,untukmu
hijap,hijab
ternodain,ternodai
kt2,kata-kata
agk,agak
perilakuny,perilakunya
ketaatanny,ketaatannya
terjrumus,terjerumus
igtlah,ingatlah
dtgkan,datangkan
benahin,membenahi
ngerampas,merampas
caranga,caranya
dipikirin,dipikirkan
nunduk,menunduk
adyem,adem
mitnah,memfitnah
tmbm,tembam
kriput,keriput
cape,capek
kpancing,terpancing
brbuat,berbuat
mmberi,memberi
pnjerumus,penjerumus
berkluarga,berkeluarga
ketipu,tertipu
gosipin,menggosipkan
bntar,bentar
bntr,bentar
nmbk,menembak
nembak,menembak
jaoooh,jauh
parsis,persis
brasa,berasa
trlihat,terlihat
mmberikan,memberikan
mmberikn,memberikan
dinamakn,dinamakan
khadiran,kehadiran
srta,serta
kberkahn,keberkahan
kbahagiaan,kebahagiaan
tntram,tentram
brpndapat,berpendapat
trutama,terutama
hiraukn,hiraukan
hrsny,harusny
brsyukur,bersyukur
rasakn,rasakan
kesalahanny,kesalahannya
kekuranganny,kekurangannya
seandainy,seandainya
perasaanny,perasaannya
diindonesis,diindonesia
kejahatn,kejahatan
ngelewati,melewati
ngerendahin,merendahkan
yoiiu,yoi
suka.a,sukanya
blnja,belanja
brangnya,barangnya
nimpuk,menimpuk
prlu,perlu
kcwa,kecewa
kcewa,kecewa
dket2in,dekat-dekati
britanya,beritanya
jamam,jaman
trmanis,termanis
nyela,mencela
ngejilat,menjilat
deketin,dekati
ustzah,ustazah
nyimpen,menyimpan
ngarsipin,mengarsipkan
nyesek,menyesak
prh,parah
prasaan,perasaan
kurangin,kurangi
nyolong,mencolong
rezeqinya,rezekinya
nempel,menempel
peduliin,mempedulikan
dosax,dosanya
pahalax,pahalanya
trhtung,terhitung
didengerin,didengarkan
ngerespon,merespons
brusaha,berusaha
positippp,positif
slmnya,salamnya
selmnya,selamanya
jodohx,jodohnya
jodohny,jodohnya
pmbantu,pembantu
cintax,cintanya
pnuh,penuh
mantanny,mantannya
pkrin,pikirkan
berenanh,berenang
ngeliatin,melihati
ngumbar2,mengumbar-umbar
gde,gede
tebel,tebal
"gtu""",begitu-gitu
nyta,nyata
kampungn,kampungan
ngolokin,mengolok
than,tahan
dbnding,dibanding
nrka,neraka
bhgiain,membahagiakan
kdua,kedua
second,kedua
mlikk,milik
krudung,kerudung
oprasiya,operasinya
pilihannny,pilihannya
lngsing,langsing
smulla,semula
gaharus,jangan harus
third,ketiga
fourth,keempat
fifth,kelima
sixth,keenam
seventh,ketujuh
eighth,kelapan
nineth,kesembilan
tenth,kesepuluh
nasik,nasi
tapaw,bungkus
papero,apa-apa bagitahu
segan,malu
bekwoh,kenduri
lipak,tipu
takleh,tidak boleh
dak2,budak-budak
tghri,tengahari
ngeteh,minum air di kedai
melepek,tidak bermaya
lalok,mabuk
pahey,faham
watpe,buat apa
awek,kekasih
terpeleot,terseliuh
mana-manapun,mana-mana juga
btw,dengan cara itu
tulah,itu lah
kelate,kelantan
tibeh,tiba
pasai,hal
duk,asyik
bf,teman lelaki
gf,teman wanita
dapnya,sedapnya
dapnye,sedapnya
gais,semua orang
pedajal,memburukkan
ex,bekas
dsnr,Datuk Seri Najib Razak
tkjut,terkejut
propa,propaganda
chub,chubby
ngepos,mengepos
smbhyg,sembahyang
bersize,bersaiz
omg,ya tuhanku
omaigod,ya tuhanku
ntmy,selamat berkenalan
jnt,J&T Express
